SampleID	BarcodeSequence	LinkerPrimerSequence	ID	env_feature	description	scientific_name	life_stage
108373.13566.01F.SRR8774489	NA	NA	01F	CoyoteFeces	Urban coyote fecal samples	Canis latrans	coyote
108373.13566.01S.SRR8774437	NA	NA	01S	CoyoteFeces	Urban coyote duodenal samples	Canis latrans	coyote
108373.13566.02F.SRR8774488	NA	NA	02F	CoyoteFeces	Urban coyote fecal samples	Canis latrans	coyote
108373.13566.02S.SRR8774436	NA	NA	02S	CoyoteFeces	Urban coyote duodenal samples	Canis latrans	coyote
108373.13566.03F.SRR8774487	NA	NA	03F	CoyoteFeces	Peri-urban coyote fecal samples	Canis latrans	coyote
108373.13566.04F.SRR8774486	NA	NA	04F	CoyoteFeces	Peri-urban coyote fecal samples	Canis latrans	coyote
108373.13566.05F.SRR8774485	NA	NA	05F	CoyoteFeces	Peri-urban coyote fecal samples	Canis latrans	coyote
108373.13566.06F.SRR8774484	NA	NA	06F	CoyoteFeces	Peri-urban coyote fecal samples	Canis latrans	coyote
108373.13566.07F.SRR8774483	NA	NA	07F	CoyoteFeces	Peri-urban coyote fecal samples	Canis latrans	coyote
108373.13566.08F.SRR8774482	NA	NA	08F	CoyoteFeces	Peri-urban coyote fecal samples	Canis latrans	coyote
108373.13566.09F.SRR8774491	NA	NA	09F	CoyoteFeces	Peri-urban coyote fecal samples	Canis latrans	coyote
108373.13566.10F.SRR8774490	NA	NA	10F	CoyoteFeces	Peri-urban coyote fecal samples	Canis latrans	coyote
108373.13566.11F.SRR8774407	NA	NA	11F	CoyoteFeces	Peri-urban coyote fecal samples	Canis latrans	coyote
108373.13566.12F.SRR8774406	NA	NA	12F	CoyoteFeces	Urban coyote fecal samples	Canis latrans	coyote
108373.13566.12S.SRR8774381	NA	NA	12S	CoyoteFeces	Urban coyote duodenal samples	Canis latrans	coyote
108373.13566.13F.SRR8774409	NA	NA	13F	CoyoteFeces	Peri-urban coyote fecal samples	Canis latrans	coyote
108373.13566.14F.SRR8774408	NA	NA	14F	CoyoteFeces	Peri-urban coyote fecal samples	Canis latrans	coyote
108373.13566.15F.SRR8774403	NA	NA	15F	CoyoteFeces	Peri-urban coyote fecal samples	Canis latrans	coyote
108373.13566.16F.SRR8774402	NA	NA	16F	CoyoteFeces	Peri-urban coyote fecal samples	Canis latrans	coyote
108373.13566.17F.SRR8774405	NA	NA	17F	CoyoteFeces	Urban coyote fecal samples	Canis latrans	coyote
108373.13566.17S.SRR8774367	NA	NA	17S	CoyoteFeces	Urban coyote duodenal samples	Canis latrans	coyote
108373.13566.18F.SRR8774404	NA	NA	18F	CoyoteFeces	Peri-urban coyote fecal samples	Canis latrans	coyote
108373.13566.19F.SRR8774401	NA	NA	19F	CoyoteFeces	Peri-urban coyote fecal samples	Canis latrans	coyote
108373.13566.20F.SRR8774400	NA	NA	20F	CoyoteFeces	Peri-urban coyote fecal samples	Canis latrans	coyote
108373.13566.21F.SRR8774350	NA	NA	21F	CoyoteFeces	Peri-urban coyote fecal samples	Canis latrans	coyote
108373.13566.22F.SRR8774351	NA	NA	22F	CoyoteFeces	Peri-urban coyote fecal samples	Canis latrans	coyote
108373.13566.23F.SRR8774352	NA	NA	23F	CoyoteFeces	Peri-urban coyote fecal samples	Canis latrans	coyote
108373.13566.24F.SRR8774353	NA	NA	24F	CoyoteFeces	Peri-urban coyote fecal samples	Canis latrans	coyote
108373.13566.25F.SRR8774354	NA	NA	25F	CoyoteFeces	Peri-urban coyote fecal samples	Canis latrans	coyote
108373.13566.26F.SRR8774355	NA	NA	26F	CoyoteFeces	Peri-urban coyote fecal samples	Canis latrans	coyote
108373.13566.27F.SRR8774356	NA	NA	27F	CoyoteFeces	Peri-urban coyote fecal samples	Canis latrans	coyote
108373.13566.28F.SRR8774357	NA	NA	28F	CoyoteFeces	Peri-urban coyote fecal samples	Canis latrans	coyote
108373.13566.29F.SRR8774358	NA	NA	29F	CoyoteFeces	Peri-urban coyote fecal samples	Canis latrans	coyote
108373.13566.30F.SRR8774359	NA	NA	30F	CoyoteFeces	Peri-urban coyote fecal samples	Canis latrans	coyote
108373.13566.31F.SRR8774479	NA	NA	31F	CoyoteFeces	Peri-urban coyote fecal samples	Canis latrans	coyote
108373.13566.32F.SRR8774478	NA	NA	32F	CoyoteFeces	Peri-urban coyote fecal samples	Canis latrans	coyote
108373.13566.33F.SRR8774477	NA	NA	33F	CoyoteFeces	Peri-urban coyote fecal samples	Canis latrans	coyote
108373.13566.34F.SRR8774476	NA	NA	34F	CoyoteFeces	Peri-urban coyote fecal samples	Canis latrans	coyote
108373.13566.35F.SRR8774475	NA	NA	35F	CoyoteFeces	Peri-urban coyote fecal samples	Canis latrans	coyote
108373.13566.36F.SRR8774474	NA	NA	36F	CoyoteFeces	Peri-urban coyote fecal samples	Canis latrans	coyote
108373.13566.37F.SRR8774473	NA	NA	37F	CoyoteFeces	Peri-urban coyote fecal samples	Canis latrans	coyote
108373.13566.38F.SRR8774472	NA	NA	38F	CoyoteFeces	Peri-urban coyote fecal samples	Canis latrans	coyote
108373.13566.39F.SRR8774481	NA	NA	39F	CoyoteFeces	Peri-urban coyote fecal samples	Canis latrans	coyote
108373.13566.40F.SRR8774480	NA	NA	40F	CoyoteFeces	Peri-urban coyote fecal samples	Canis latrans	coyote
108373.13566.41F.SRR8774494	NA	NA	41F	CoyoteFeces	Peri-urban coyote fecal samples	Canis latrans	coyote
108373.13566.42F.SRR8774495	NA	NA	42F	CoyoteFeces	Peri-urban coyote fecal samples	Canis latrans	coyote
108373.13566.43F.SRR8774492	NA	NA	43F	CoyoteFeces	Peri-urban coyote fecal samples	Canis latrans	coyote
108373.13566.44F.SRR8774493	NA	NA	44F	CoyoteFeces	Peri-urban coyote fecal samples	Canis latrans	coyote
108373.13566.45F.SRR8774498	NA	NA	45F	CoyoteFeces	Peri-urban coyote fecal samples	Canis latrans	coyote
108373.13566.46F.SRR8774499	NA	NA	46F	CoyoteFeces	Peri-urban coyote fecal samples	Canis latrans	coyote
108373.13566.47F.SRR8774496	NA	NA	47F	CoyoteFeces	Peri-urban coyote fecal samples	Canis latrans	coyote
108373.13566.48F.SRR8774497	NA	NA	48F	CoyoteFeces	Peri-urban coyote fecal samples	Canis latrans	coyote
108373.13566.49F.SRR8774500	NA	NA	49F	CoyoteFeces	Peri-urban coyote fecal samples	Canis latrans	coyote
108373.13566.50F.SRR8774501	NA	NA	50F	CoyoteFeces	Peri-urban coyote fecal samples	Canis latrans	coyote
108373.13566.51F.SRR8774463	NA	NA	51F	CoyoteFeces	Peri-urban coyote fecal samples	Canis latrans	coyote
108373.13566.52F.SRR8774462	NA	NA	52F	CoyoteFeces	Peri-urban coyote fecal samples	Canis latrans	coyote
108373.13566.53F.SRR8774465	NA	NA	53F	CoyoteFeces	Peri-urban coyote fecal samples	Canis latrans	coyote
108373.13566.54F.SRR8774464	NA	NA	54F	CoyoteFeces	Peri-urban coyote fecal samples	Canis latrans	coyote
108373.13566.55F.SRR8774467	NA	NA	55F	CoyoteFeces	Peri-urban coyote fecal samples	Canis latrans	coyote
108373.13566.56F.SRR8774466	NA	NA	56F	CoyoteFeces	Peri-urban coyote fecal samples	Canis latrans	coyote
108373.13566.57F.SRR8774469	NA	NA	57F	CoyoteFeces	Peri-urban coyote fecal samples	Canis latrans	coyote
108373.13566.58F.SRR8774468	NA	NA	58F	CoyoteFeces	Peri-urban coyote fecal samples	Canis latrans	coyote
108373.13566.59F.SRR8774471	NA	NA	59F	CoyoteFeces	Peri-urban coyote fecal samples	Canis latrans	coyote
108373.13566.60F.SRR8774470	NA	NA	60F	CoyoteFeces	Peri-urban coyote fecal samples	Canis latrans	coyote
108373.13566.61F.SRR8774454	NA	NA	61F	CoyoteFeces	Peri-urban coyote fecal samples	Canis latrans	coyote
108373.13566.62F.SRR8774455	NA	NA	62F	CoyoteFeces	Peri-urban coyote fecal samples	Canis latrans	coyote
108373.13566.63F.SRR8774456	NA	NA	63F	CoyoteFeces	Peri-urban coyote fecal samples	Canis latrans	coyote
108373.13566.64F.SRR8774457	NA	NA	64F	CoyoteFeces	Peri-urban coyote fecal samples	Canis latrans	coyote
108373.13566.65F.SRR8774450	NA	NA	65F	CoyoteFeces	Peri-urban coyote fecal samples	Canis latrans	coyote
108373.13566.66F.SRR8774451	NA	NA	66F	CoyoteFeces	Urban coyote fecal samples	Canis latrans	coyote
108373.13566.66S.SRR8774441	NA	NA	66S	CoyoteFeces	Urban coyote duodenal samples	Canis latrans	coyote
108373.13566.67F.SRR8774452	NA	NA	67F	CoyoteFeces	Peri-urban coyote fecal samples	Canis latrans	coyote
108373.13566.68F.SRR8774453	NA	NA	68F	CoyoteFeces	Peri-urban coyote fecal samples	Canis latrans	coyote
108373.13566.69F.SRR8774458	NA	NA	69F	CoyoteFeces	Urban coyote fecal samples	Canis latrans	coyote
108373.13566.69S.SRR8774444	NA	NA	69S	CoyoteFeces	Urban coyote duodenal samples	Canis latrans	coyote
108373.13566.70F.SRR8774459	NA	NA	70F	CoyoteFeces	Urban coyote fecal samples	Canis latrans	coyote
108373.13566.70S.SRR8774445	NA	NA	70S	CoyoteFeces	Urban coyote duodenal samples	Canis latrans	coyote
108373.13566.71F.SRR8774435	NA	NA	71F	CoyoteFeces	Urban coyote fecal samples	Canis latrans	coyote
108373.13566.71S.SRR8774446	NA	NA	71S	CoyoteFeces	Urban coyote duodenal samples	Canis latrans	coyote
108373.13566.72F.SRR8774434	NA	NA	72F	CoyoteFeces	Peri-urban coyote fecal samples	Canis latrans	coyote
108373.13566.73F.SRR8774433	NA	NA	73F	CoyoteFeces	Urban coyote fecal samples	Canis latrans	coyote
108373.13566.73S.SRR8774448	NA	NA	73S	CoyoteFeces	Urban coyote duodenal samples	Canis latrans	coyote
108373.13566.74F.SRR8774432	NA	NA	74F	CoyoteFeces	Urban coyote fecal samples	Canis latrans	coyote
108373.13566.74S.SRR8774449	NA	NA	74S	CoyoteFeces	Urban coyote duodenal samples	Canis latrans	coyote
108373.13566.75F.SRR8774439	NA	NA	75F	CoyoteFeces	Urban coyote fecal samples	Canis latrans	coyote
108373.13566.75S.SRR8774461	NA	NA	75S	CoyoteFeces	Urban coyote duodenal samples	Canis latrans	coyote
108373.13566.76F.SRR8774438	NA	NA	76F	CoyoteFeces	Peri-urban coyote fecal samples	Canis latrans	coyote
102925.13332.AF001.CR.KR	NA	NA	AF001	AnoleFeces	Calle Resecadora	krugi	anole
102925.13332.AF002.NA.EV	NA	NA	AF002	AnoleFeces	NA	evermanni	anole
102925.13332.AF003.BB.CR	NA	NA	AF003	AnoleFeces	AirBnB	cristatellus	anole
102925.13332.AF004.CR.KR	NA	NA	AF004	AnoleFeces	Calle Resecadora	krugi	anole
102925.13332.AF005.CR.KR	NA	NA	AF005	AnoleFeces	Calle Resecadora	krugi	anole
102925.13332.AF006.CR.KR	NA	NA	AF006	AnoleFeces	Calle Resecadora	krugi	anole
102925.13332.AF007.CR.CU	NA	NA	AF007	AnoleFeces	Calle Resecadora	cuvieri	anole
102925.13332.AF008.BB.CR	NA	NA	AF008	AnoleFeces	AirBnB	cristatellus	anole
102925.13332.AF009.MR.ST	NA	NA	AF009	AnoleFeces	Maricao Rocks	stratulus	anole
102925.13332.AF010.BB.CR	NA	NA	AF010	AnoleFeces	AirBnB	cristatellus	anole
102925.13332.AF011.BB.CR	NA	NA	AF011	AnoleFeces	AirBnB	cristatellus	anole
102925.13332.AF012.BB.CR	NA	NA	AF012	AnoleFeces	AirBnB	cristatellus	anole
102925.13332.AF013.BB.CR	NA	NA	AF013	AnoleFeces	AirBnB	cristatellus	anole
102925.13332.AF014.ME.KR	NA	NA	AF014	AnoleFeces	Maricao Early	krugi	anole
102925.13332.AF015.MR.ST	NA	NA	AF015	AnoleFeces	Maricao Rocks	stratulus	anole
102925.13332.AF016.ME.GU	NA	NA	AF016	AnoleFeces	Maricao Early	gundlachi	anole
102925.13332.AF017.ME.EV	NA	NA	AF017	AnoleFeces	Maricao Early	evermanni	anole
102925.13332.AF018.MR.KR	NA	NA	AF018	AnoleFeces	Maricao Rocks	krugi	anole
102925.13332.AF019.MR.ST	NA	NA	AF019	AnoleFeces	Maricao Rocks	stratulus	anole
102925.13332.AF020.ME.GU	NA	NA	AF020	AnoleFeces	Maricao Early	gundlachi	anole
102925.13332.AF021.MR.EV	NA	NA	AF021	AnoleFeces	Maricao Rocks	evermanni	anole
102925.13332.AF022.MR.ST	NA	NA	AF022	AnoleFeces	Maricao Rocks	stratulus	anole
102925.13332.AF023.ME.GU	NA	NA	AF023	AnoleFeces	Maricao Early	gundlachi	anole
102925.13332.AF024.MR.EV	NA	NA	AF024	AnoleFeces	Maricao Rocks	evermanni	anole
102925.13332.AF025.MR.KR	NA	NA	AF025	AnoleFeces	Maricao Rocks	krugi	anole
102925.13332.AF026.ME.GU	NA	NA	AF026	AnoleFeces	Maricao Early	gundlachi	anole
102925.13332.AF027.ME.EV	NA	NA	AF027	AnoleFeces	Maricao Early	evermanni	anole
102925.13332.AF028.ME.EV	NA	NA	AF028	AnoleFeces	Maricao Early	evermanni	anole
102925.13332.AF029.MR.KR	NA	NA	AF029	AnoleFeces	Maricao Rocks	krugi	anole
102925.13332.AF030.MR.ST	NA	NA	AF030	AnoleFeces	Maricao Rocks	stratulus	anole
102925.13332.AF031.MR.ST	NA	NA	AF031	AnoleFeces	Maricao Rocks	stratulus	anole
102925.13332.AF032.MR.ST	NA	NA	AF032	AnoleFeces	Maricao Rocks	stratulus	anole
102925.13332.AF033.MR.GU	NA	NA	AF033	AnoleFeces	Maricao Rocks	gundlachi	anole
102925.13332.AF034.ME.KR	NA	NA	AF034	AnoleFeces	Maricao Early	krugi	anole
102925.13332.AF035.MR.KR	NA	NA	AF035	AnoleFeces	Maricao Rocks	krugi	anole
102925.13332.AF036.MR.ST	NA	NA	AF036	AnoleFeces	Maricao Rocks	stratulus	anole
102925.13332.AF037.ME.KR	NA	NA	AF037	AnoleFeces	Maricao Early	krugi	anole
102925.13332.AF038.MR.ST	NA	NA	AF038	AnoleFeces	Maricao Rocks	stratulus	anole
102925.13332.AF039.ME.KR	NA	NA	AF039	AnoleFeces	Maricao Early	krugi	anole
102925.13332.AF040.ME.GU	NA	NA	AF040	AnoleFeces	Maricao Early	gundlachi	anole
102925.13332.AF041.MR.ST	NA	NA	AF041	AnoleFeces	Maricao Rocks	stratulus	anole
102925.13332.AF042.ME.GU	NA	NA	AF042	AnoleFeces	Maricao Early	gundlachi	anole
102925.13332.AF043.MR.ST	NA	NA	AF043	AnoleFeces	Maricao Rocks	stratulus	anole
102925.13332.AF044.ME.GU	NA	NA	AF044	AnoleFeces	Maricao Early	gundlachi	anole
102925.13332.AF045.MC.GU	NA	NA	AF045	AnoleFeces	Maricao Camp	gundlachi	anole
102925.13332.AF046.BB.CR	NA	NA	AF046	AnoleFeces	AirBnB	cristatellus	anole
102925.13332.AF047.BB.CR	NA	NA	AF047	AnoleFeces	AirBnB	cristatellus	anole
102925.13332.AF048.BB.CR	NA	NA	AF048	AnoleFeces	AirBnB	cristatellus	anole
102925.13332.AF049.MR.KR	NA	NA	AF049	AnoleFeces	Maricao Rocks	krugi	anole
102925.13332.AF050.MC.ST	NA	NA	AF050	AnoleFeces	Maricao Camp	stratulus	anole
102925.13332.AF051.MC.GU	NA	NA	AF051	AnoleFeces	Maricao Camp	gundlachi	anole
102925.13332.AF052.MR.KR	NA	NA	AF052	AnoleFeces	Maricao Rocks	krugi	anole
102925.13332.AF053.ME.ST	NA	NA	AF053	AnoleFeces	Maricao Early	stratulus	anole
102925.13332.AF054.MC.GU	NA	NA	AF054	AnoleFeces	Maricao Camp	gundlachi	anole
102925.13332.AF055.ME.GU	NA	NA	AF055	AnoleFeces	Maricao Early	gundlachi	anole
102925.13332.AF056.MR.KR	NA	NA	AF056	AnoleFeces	Maricao Rocks	krugi	anole
102925.13332.AF057.MR.ST	NA	NA	AF057	AnoleFeces	Maricao Rocks	stratulus	anole
102925.13332.AF058.MC.GU	NA	NA	AF058	AnoleFeces	Maricao Camp	gundlachi	anole
102925.13332.AF059.MR.ST	NA	NA	AF059	AnoleFeces	Maricao Rocks	stratulus	anole
102925.13332.AF060.MR.KR	NA	NA	AF060	AnoleFeces	Maricao Rocks	krugi	anole
102925.13332.AF061.MR.EV	NA	NA	AF061	AnoleFeces	Maricao Rocks	evermanni	anole
102925.13332.AF062.MR.GU	NA	NA	AF062	AnoleFeces	Maricao Rocks	gundlachi	anole
102925.13332.AF063.MR.KR	NA	NA	AF063	AnoleFeces	Maricao Rocks	krugi	anole
102925.13332.AF064.MR.EV	NA	NA	AF064	AnoleFeces	Maricao Rocks	evermanni	anole
102925.13332.AF065.MF.PU	NA	NA	AF065	AnoleFeces	Maricao Fences	pulchellus	anole
102925.13332.AF066.SB.PO	NA	NA	AF066	AnoleFeces	Sucia Base	poncensis	anole
102925.13332.AF067.SB.CO	NA	NA	AF067	AnoleFeces	Sucia Base	cooki	anole
102925.13332.AF068.SB.PO	NA	NA	AF068	AnoleFeces	Sucia Base	poncensis	anole
102925.13332.AF069.MR.ST	NA	NA	AF069	AnoleFeces	Maricao Rocks	stratulus	anole
102925.13332.AF070.MR.KR	NA	NA	AF070	AnoleFeces	Maricao Rocks	krugi	anole
102925.13332.AF071.MR.GU	NA	NA	AF071	AnoleFeces	Maricao Rocks	gundlachi	anole
102925.13332.AF072.SB.PO	NA	NA	AF072	AnoleFeces	Sucia Base	poncensis	anole
102925.13332.AF073.SB.PO	NA	NA	AF073	AnoleFeces	Sucia Base	poncensis	anole
102925.13332.AF074.SE.CO	NA	NA	AF074	AnoleFeces	Sucia Beach	cooki	anole
102925.13332.AF075.SB.CO	NA	NA	AF075	AnoleFeces	Sucia Base	cooki	anole
102925.13332.AF076.SB.CO	NA	NA	AF076	AnoleFeces	Sucia Base	cooki	anole
102925.13332.AF077.MR.CR	NA	NA	AF077	AnoleFeces	Maricao Rocks	cristatellus	anole
102925.13332.AF078.MR.CR	NA	NA	AF078	AnoleFeces	Maricao Rocks	cristatellus	anole
102925.13332.AF079.MR.EV	NA	NA	AF079	AnoleFeces	Maricao Rocks	evermanni	anole
102925.13332.AF080.MR.CR	NA	NA	AF080	AnoleFeces	Maricao Rocks	cristatellus	anole
102925.13332.AF081.MR.EV	NA	NA	AF081	AnoleFeces	Maricao Rocks	evermanni	anole
102925.13332.AF082.MR.CR	NA	NA	AF082	AnoleFeces	Maricao Rocks	cristatellus	anole
102925.13332.AF083.MR.EV	NA	NA	AF083	AnoleFeces	Maricao Rocks	evermanni	anole
102925.13332.AF084.MR.CR	NA	NA	AF084	AnoleFeces	Maricao Rocks	cristatellus	anole
102925.13332.AF085.MR.CR	NA	NA	AF085	AnoleFeces	Maricao Rocks	cristatellus	anole
102925.13332.AF086.MR.CR	NA	NA	AF086	AnoleFeces	Maricao Rocks	cristatellus	anole
102925.13332.AF087.MR.CR	NA	NA	AF087	AnoleFeces	Maricao Rocks	cristatellus	anole
102925.13332.AF088.MR.CR	NA	NA	AF088	AnoleFeces	Maricao Rocks	cristatellus	anole
102925.13332.AF089.SL.PO	NA	NA	AF089	AnoleFeces	Sucia Parking Lot	poncensis	anole
102925.13332.AF090.MR.EV	NA	NA	AF090	AnoleFeces	Maricao Rocks	evermanni	anole
102925.13332.AF091.SC.PO	NA	NA	AF091	AnoleFeces	Sucia Camp	poncensis	anole
102925.13332.AF092.MR.CR	NA	NA	AF092	AnoleFeces	Maricao Rocks	cristatellus	anole
102925.13332.AF093.MR.CR	NA	NA	AF093	AnoleFeces	Maricao Rocks	cristatellus	anole
102925.13332.AF094.MR.CR	NA	NA	AF094	AnoleFeces	Maricao Rocks	cristatellus	anole
102925.13332.AF095.SC.PO	NA	NA	AF095	AnoleFeces	Sucia Camp	poncensis	anole
102925.13332.AF096.SP.PO	NA	NA	AF096	AnoleFeces	Sucia Peligro	poncensis	anole
102925.13332.AF097.SF.CO	NA	NA	AF097	AnoleFeces	Sucia Flat	cooki	anole
102925.13332.AF098.SC.PO	NA	NA	AF098	AnoleFeces	Sucia Camp	poncensis	anole
102925.13332.AF099.SC.PO	NA	NA	AF099	AnoleFeces	Sucia Camp	poncensis	anole
102925.13332.AF100.MF.PU	NA	NA	AF100	AnoleFeces	Maricao Fences	pulchellus	anole
102925.13332.AF101.MF.PU	NA	NA	AF101	AnoleFeces	Maricao Fences	pulchellus	anole
102925.13332.AF102.MF.PU	NA	NA	AF102	AnoleFeces	Maricao Fences	pulchellus	anole
102925.13332.AF103.MF.PU	NA	NA	AF103	AnoleFeces	Maricao Fences	pulchellus	anole
102925.13332.AF104.YF.CR	NA	NA	AF104	AnoleFeces	Mayaguez Forest	cristatellus	anole
102925.13332.AF105.YF.CR	NA	NA	AF105	AnoleFeces	Mayaguez Forest	cristatellus	anole
102925.13332.AF106.YF.CR	NA	NA	AF106	AnoleFeces	Mayaguez Forest	cristatellus	anole
102925.13332.AF107.YF.CR	NA	NA	AF107	AnoleFeces	Mayaguez Forest	cristatellus	anole
102925.13332.AF108.YF.CR	NA	NA	AF108	AnoleFeces	Mayaguez Forest	cristatellus	anole
102925.13332.AF109.YF.CR	NA	NA	AF109	AnoleFeces	Mayaguez Forest	cristatellus	anole
102925.13332.AF110.YF.CR	NA	NA	AF110	AnoleFeces	Mayaguez Forest	cristatellus	anole
102925.13332.AF111.YF.CR	NA	NA	AF111	AnoleFeces	Mayaguez Forest	cristatellus	anole
102925.13332.AF112.YF.CR	NA	NA	AF112	AnoleFeces	Mayaguez Forest	cristatellus	anole
102925.13332.AF113.YU.CR	NA	NA	AF113	AnoleFeces	Mayaguez Urban	cristatellus	anole
102925.13332.AF114.YU.CR	NA	NA	AF114	AnoleFeces	Mayaguez Urban	cristatellus	anole
102925.13332.AF115.YU.CR	NA	NA	AF115	AnoleFeces	Mayaguez Urban	cristatellus	anole
102925.13332.AF116.YU.CR	NA	NA	AF116	AnoleFeces	Mayaguez Urban	cristatellus	anole
102925.13332.AF117.YU.CR	NA	NA	AF117	AnoleFeces	Mayaguez Urban	cristatellus	anole
102925.13332.AF118.YU.CR	NA	NA	AF118	AnoleFeces	Mayaguez Urban	cristatellus	anole
102925.13332.AF119.YU.CR	NA	NA	AF119	AnoleFeces	Mayaguez Urban	cristatellus	anole
102925.13332.AF120.YU.CR	NA	NA	AF120	AnoleFeces	Mayaguez Urban	cristatellus	anole
102925.13332.AF121.YU.CR	NA	NA	AF121	AnoleFeces	Mayaguez Urban	cristatellus	anole
102925.13332.AF122.YU.CR	NA	NA	AF122	AnoleFeces	Mayaguez Urban	cristatellus	anole
102925.13332.AF123.AF.CR	NA	NA	AF123	AnoleFeces	Aguadilla Forest	cristatellus	anole
102925.13332.AF124.AF.CR	NA	NA	AF124	AnoleFeces	Aguadilla Forest	cristatellus	anole
102925.13332.AF125.AF.CR	NA	NA	AF125	AnoleFeces	Aguadilla Forest	cristatellus	anole
102925.13332.AF126.AF.CR	NA	NA	AF126	AnoleFeces	Aguadilla Forest	cristatellus	anole
102925.13332.AF127.AF.CR	NA	NA	AF127	AnoleFeces	Aguadilla Forest	cristatellus	anole
102925.13332.AF128.AF.CR	NA	NA	AF128	AnoleFeces	Aguadilla Forest	cristatellus	anole
102925.13332.AF129.AF.CR	NA	NA	AF129	AnoleFeces	Aguadilla Forest	cristatellus	anole
102925.13332.AF130.AF.CR	NA	NA	AF130	AnoleFeces	Aguadilla Forest	cristatellus	anole
102925.13332.AF131.AF.CR	NA	NA	AF131	AnoleFeces	Aguadilla Forest	cristatellus	anole
102925.13332.AF132.AF.CR	NA	NA	AF132	AnoleFeces	Aguadilla Forest	cristatellus	anole
102925.13332.AF133.AU.CR	NA	NA	AF133	AnoleFeces	Aguadilla Urban	cristatellus	anole
102925.13332.AF134.AU.CR	NA	NA	AF134	AnoleFeces	Aguadilla Urban	cristatellus	anole
102925.13332.AF135.AU.CR	NA	NA	AF135	AnoleFeces	Aguadilla Urban	cristatellus	anole
102925.13332.AF136.AU.CR	NA	NA	AF136	AnoleFeces	Aguadilla Urban	cristatellus	anole
102925.13332.AF137.AU.CR	NA	NA	AF137	AnoleFeces	Aguadilla Urban	cristatellus	anole
102925.13332.AF138.AU.CR	NA	NA	AF138	AnoleFeces	Aguadilla Urban	cristatellus	anole
102925.13332.AF139.AU.CR	NA	NA	AF139	AnoleFeces	Aguadilla Urban	cristatellus	anole
102925.13332.AF140.AU.CR	NA	NA	AF140	AnoleFeces	Aguadilla Urban	cristatellus	anole
102925.13332.AF141.AU.CR	NA	NA	AF141	AnoleFeces	Aguadilla Urban	cristatellus	anole
102925.13332.AF142.AU.CR	NA	NA	AF142	AnoleFeces	Aguadilla Urban	cristatellus	anole
102925.13332.AF143.YF.CR	NA	NA	AF143	AnoleFeces	Mayaguez Forest	cristatellus	anole
102925.13332.AF144.YF.CR	NA	NA	AF144	AnoleFeces	Mayaguez Forest	cristatellus	anole
62018.850.Amz10baby	NA	NA	Amz10baby	HumanFeces	Venezuela	Homo sapien	child
62018.850.Amz11inf	NA	NA	Amz11inf	HumanFeces	Venezuela	Homo sapien	child
62018.850.Amz12inf	NA	NA	Amz12inf	HumanFeces	Venezuela	Homo sapien	child
62018.850.Amz13chld	NA	NA	Amz13chld	HumanFeces	Venezuela	Homo sapien	child
62018.850.Amz14chld	NA	NA	Amz14chld	HumanFeces	Venezuela	Homo sapien	child
62018.850.Amz15chld	NA	NA	Amz15chld	HumanFeces	Venezuela	Homo sapien	child
62018.850.Amz16chld	NA	NA	Amz16chld	HumanFeces	Venezuela	Homo sapien	child
62018.850.Amz17chld	NA	NA	Amz17chld	HumanFeces	Venezuela	Homo sapien	child
62018.850.Amz18chld	NA	NA	Amz18chld	HumanFeces	Venezuela	Homo sapien	child
62018.850.Amz19chld	NA	NA	Amz19chld	HumanFeces	Venezuela	Homo sapien	child
62018.850.Amz1baby	NA	NA	Amz1baby	HumanFeces	Venezuela	Homo sapien	child
62018.850.Amz1teenF	NA	NA	Amz1teenF	HumanFeces	Venezuela	Homo sapien	adult
62018.850.Amz20chld	NA	NA	Amz20chld	HumanFeces	Venezuela	Homo sapien	child
62018.850.Amz21chld	NA	NA	Amz21chld	HumanFeces	Venezuela	Homo sapien	child
62018.850.Amz22chld	NA	NA	Amz22chld	HumanFeces	Venezuela	Homo sapien	child
62018.850.Amz23chld	NA	NA	Amz23chld	HumanFeces	Venezuela	Homo sapien	child
62018.850.Amz24chld	NA	NA	Amz24chld	HumanFeces	Venezuela	Homo sapien	child
62018.850.Amz25chld	NA	NA	Amz25chld	HumanFeces	Venezuela	Homo sapien	child
62018.850.Amz26chld	NA	NA	Amz26chld	HumanFeces	Venezuela	Homo sapien	child
62018.850.Amz27chld	NA	NA	Amz27chld	HumanFeces	Venezuela	Homo sapien	child
62018.850.Amz28chld	NA	NA	Amz28chld	HumanFeces	Venezuela	Homo sapien	child
62018.850.Amz29adlt	NA	NA	Amz29adlt	HumanFeces	Venezuela	Homo sapien	adult
62018.850.Amz2adltF	NA	NA	Amz2adltF	HumanFeces	Venezuela	Homo sapien	adult
62018.850.Amz2infF	NA	NA	Amz2infF	HumanFeces	Venezuela	Homo sapien	child
62018.850.Amz30adlt	NA	NA	Amz30adlt	HumanFeces	Venezuela	Homo sapien	adult
62018.850.Amz31adlt	NA	NA	Amz31adlt	HumanFeces	Venezuela	Homo sapien	adult
62018.850.Amz32eldF	NA	NA	Amz32eldF	HumanFeces	Venezuela	Homo sapien	adult
62018.850.Amz33eld	NA	NA	Amz33eld	HumanFeces	Venezuela	Homo sapien	adult
62018.850.Amz34eld	NA	NA	Amz34eld	HumanFeces	Venezuela	Homo sapien	adult
62018.850.Amz3chldF3	NA	NA	Amz3chldF3	HumanFeces	Venezuela	Homo sapien	child
62018.850.Amz3chldM1	NA	NA	Amz3chldM1	HumanFeces	Venezuela	Homo sapien	child
62018.850.Amz3chldM2	NA	NA	Amz3chldM2	HumanFeces	Venezuela	Homo sapien	child
62018.850.Amz4adltF	NA	NA	Amz4adltF	HumanFeces	Venezuela	Homo sapien	adult
62018.850.Amz4chldM1	NA	NA	Amz4chldM1	HumanFeces	Venezuela	Homo sapien	child
62018.850.Amz4chldM2	NA	NA	Amz4chldM2	HumanFeces	Venezuela	Homo sapien	child
62018.850.Amz5chldF1	NA	NA	Amz5chldF1	HumanFeces	Venezuela	Homo sapien	child
62018.850.Amz5chldF2	NA	NA	Amz5chldF2	HumanFeces	Venezuela	Homo sapien	child
62018.850.Amz5chldM	NA	NA	Amz5chldM	HumanFeces	Venezuela	Homo sapien	child
62018.850.Amz5eldF	NA	NA	Amz5eldF	HumanFeces	Venezuela	Homo sapien	adult
62018.850.Amz5teenF	NA	NA	Amz5teenF	HumanFeces	Venezuela	Homo sapien	adult
62018.850.Amz6chldM	NA	NA	Amz6chldM	HumanFeces	Venezuela	Homo sapien	child
62018.850.Amz6eldF	NA	NA	Amz6eldF	HumanFeces	Venezuela	Homo sapien	adult
62018.850.Amz6eldM	NA	NA	Amz6eldM	HumanFeces	Venezuela	Homo sapien	adult
62018.850.Amz6teen	NA	NA	Amz6teen	HumanFeces	Venezuela	Homo sapien	adult
62018.850.Amz7adltF	NA	NA	Amz7adltF	HumanFeces	Venezuela	Homo sapien	adult
62018.850.Amz7eldM	NA	NA	Amz7eldM	HumanFeces	Venezuela	Homo sapien	adult
62018.850.Amz9baby	NA	NA	Amz9baby	HumanFeces	USA	Homo sapien	child
62018.850.AmzC10adltF1	NA	NA	AmzC10adltF1	HumanFeces	Venezuela	Homo sapien	adult
62018.850.AmzC10adltF2	NA	NA	AmzC10adltF2	HumanFeces	Venezuela	Homo sapien	adult
62018.850.AmzC11adltF1	NA	NA	AmzC11adltF1	HumanFeces	Venezuela	Homo sapien	adult
62018.850.AmzC11adltF2	NA	NA	AmzC11adltF2	HumanFeces	Venezuela	Homo sapien	adult
62018.850.AmzC11adltF3	NA	NA	AmzC11adltF3	HumanFeces	Venezuela	Homo sapien	adult
62018.850.AmzC12adltF	NA	NA	AmzC12adltF	HumanFeces	Venezuela	Homo sapien	adult
62018.850.AmzC12chldM	NA	NA	AmzC12chldM	HumanFeces	Venezuela	Homo sapien	child
62018.850.AmzC13babyF	NA	NA	AmzC13babyF	HumanFeces	Venezuela	Homo sapien	child
62018.850.AmzC14infF	NA	NA	AmzC14infF	HumanFeces	Venezuela	Homo sapien	child
62018.850.AmzC15infF	NA	NA	AmzC15infF	HumanFeces	Venezuela	Homo sapien	child
62018.850.AmzC16chldM	NA	NA	AmzC16chldM	HumanFeces	Venezuela	Homo sapien	child
62018.850.AmzC17chldM	NA	NA	AmzC17chldM	HumanFeces	Venezuela	Homo sapien	child
62018.850.AmzC18chldM	NA	NA	AmzC18chldM	HumanFeces	Venezuela	Homo sapien	child
62018.850.AmzC19chldM	NA	NA	AmzC19chldM	HumanFeces	Venezuela	Homo sapien	child
62018.850.AmzC1babyF1	NA	NA	AmzC1babyF1	HumanFeces	Venezuela	Homo sapien	adult
62018.850.AmzC1babyF2	NA	NA	AmzC1babyF2	HumanFeces	Venezuela	Homo sapien	child
62018.850.AmzC20chldM	NA	NA	AmzC20chldM	HumanFeces	Venezuela	Homo sapien	child
62018.850.AmzC21chldM	NA	NA	AmzC21chldM	HumanFeces	Venezuela	Homo sapien	child
62018.850.AmzC22chldM	NA	NA	AmzC22chldM	HumanFeces	Venezuela	Homo sapien	child
62018.850.AmzC23chldM	NA	NA	AmzC23chldM	HumanFeces	Venezuela	Homo sapien	child
62018.850.AmzC24chldM	NA	NA	AmzC24chldM	HumanFeces	Venezuela	Homo sapien	child
62018.850.AmzC25teenF	NA	NA	AmzC25teenF	HumanFeces	Venezuela	Homo sapien	child
62018.850.AmzC26chldF	NA	NA	AmzC26chldF	HumanFeces	Venezuela	Homo sapien	child
62018.850.AmzC27teenF	NA	NA	AmzC27teenF	HumanFeces	Venezuela	Homo sapien	child
62018.850.AmzC28chldM	NA	NA	AmzC28chldM	HumanFeces	Venezuela	Homo sapien	child
62018.850.AmzC29adltF	NA	NA	AmzC29adltF	HumanFeces	Venezuela	Homo sapien	adult
62018.850.AmzC2adltF	NA	NA	AmzC2adltF	HumanFeces	Venezuela	Homo sapien	adult
62018.850.AmzC2babyF	NA	NA	AmzC2babyF	HumanFeces	Venezuela	Homo sapien	child
62018.850.AmzC2chldM1	NA	NA	AmzC2chldM1	HumanFeces	Venezuela	Homo sapien	child
62018.850.AmzC2chldM2	NA	NA	AmzC2chldM2	HumanFeces	Venezuela	Homo sapien	child
62018.850.AmzC30adltF	NA	NA	AmzC30adltF	HumanFeces	Venezuela	Homo sapien	adult
62018.850.AmzC31adltF	NA	NA	AmzC31adltF	HumanFeces	Venezuela	Homo sapien	adult
62018.850.AmzC32adltF	NA	NA	AmzC32adltF	HumanFeces	Venezuela	Homo sapien	adult
62018.850.AmzC33adltF	NA	NA	AmzC33adltF	HumanFeces	Venezuela	Homo sapien	adult
62018.850.AmzC3adltF	NA	NA	AmzC3adltF	HumanFeces	Venezuela	Homo sapien	adult
62018.850.AmzC3adltM	NA	NA	AmzC3adltM	HumanFeces	Venezuela	Homo sapien	adult
62018.850.AmzC3babyF	NA	NA	AmzC3babyF	HumanFeces	Venezuela	Homo sapien	child
62018.850.AmzC3chldM	NA	NA	AmzC3chldM	HumanFeces	Venezuela	Homo sapien	child
62018.850.AmzC4adltF	NA	NA	AmzC4adltF	HumanFeces	Venezuela	Homo sapien	adult
62018.850.AmzC4chldF	NA	NA	AmzC4chldF	HumanFeces	Venezuela	Homo sapien	child
62018.850.AmzC4chldM	NA	NA	AmzC4chldM	HumanFeces	Venezuela	Homo sapien	child
62018.850.AmzC5adltF	NA	NA	AmzC5adltF	HumanFeces	Venezuela	Homo sapien	adult
62018.850.AmzC5chldF	NA	NA	AmzC5chldF	HumanFeces	Venezuela	Homo sapien	child
62018.850.AmzC5chldM	NA	NA	AmzC5chldM	HumanFeces	Venezuela	Homo sapien	child
62018.850.AmzC6adltF	NA	NA	AmzC6adltF	HumanFeces	Venezuela	Homo sapien	adult
62018.850.AmzC6chldM1	NA	NA	AmzC6chldM1	HumanFeces	Venezuela	Homo sapien	child
62018.850.AmzC6chldM2	NA	NA	AmzC6chldM2	HumanFeces	Venezuela	Homo sapien	child
62018.850.AmzC7adltF	NA	NA	AmzC7adltF	HumanFeces	Venezuela	Homo sapien	adult
62018.850.AmzC7chldM	NA	NA	AmzC7chldM	HumanFeces	Venezuela	Homo sapien	child
62018.850.AmzC8adltM	NA	NA	AmzC8adltM	HumanFeces	Venezuela	Homo sapien	adult
62018.850.AmzC8chldF	NA	NA	AmzC8chldF	HumanFeces	Venezuela	Homo sapien	child
62018.850.AmzC9adltF	NA	NA	AmzC9adltF	HumanFeces	Venezuela	Homo sapien	adult
62018.850.AmzC9adltM	NA	NA	AmzC9adltM	HumanFeces	Venezuela	Homo sapien	adult
62018.850.F3T1pre4	NA	NA	F3T1pre4	HumanFeces	USA	Homo sapien	adult
62018.850.F3T2pre4	NA	NA	F3T2pre4	HumanFeces	USA	Homo sapien	adult
62018.850.F4T1pre4	NA	NA	F4T1pre4	HumanFeces	USA	Homo sapien	adult
62018.850.F4T2pre4	NA	NA	F4T2pre4	HumanFeces	USA	Homo sapien	adult
62018.850.h101A.3	NA	NA	h101A.3	HumanFeces	Malawi	Homo sapien	child
62018.850.h101B.3	NA	NA	h101B.3	HumanFeces	Malawi	Homo sapien	child
62018.850.h101M.1	NA	NA	h101M.1	HumanFeces	Malawi	Homo sapien	adult
62018.850.h101S.1	NA	NA	h101S.1	HumanFeces	Malawi	Homo sapien	adult
62018.850.h10A.1	NA	NA	h10A.1	HumanFeces	Malawi	Homo sapien	child
62018.850.h10M.1	NA	NA	h10M.1	HumanFeces	Malawi	Homo sapien	adult
62018.850.h121A.1	NA	NA	h121A.1	HumanFeces	Malawi	Homo sapien	child
62018.850.h121B.1	NA	NA	h121B.1	HumanFeces	Malawi	Homo sapien	child
62018.850.h121S.1	NA	NA	h121S.1	HumanFeces	Malawi	Homo sapien	adult
62018.850.h122M.1	NA	NA	h122M.1	HumanFeces	Malawi	Homo sapien	adult
62018.850.h122S.1	NA	NA	h122S.1	HumanFeces	Malawi	Homo sapien	adult
62018.850.h128A.1	NA	NA	h128A.1	HumanFeces	Malawi	Homo sapien	child
62018.850.h128M.1	NA	NA	h128M.1	HumanFeces	Malawi	Homo sapien	adult
62018.850.h128S.1	NA	NA	h128S.1	HumanFeces	Malawi	Homo sapien	adult
62018.850.h130A.4	NA	NA	h130A.4	HumanFeces	Malawi	Homo sapien	child
62018.850.h130B.4	NA	NA	h130B.4	HumanFeces	Malawi	Homo sapien	child
62018.850.h130M.1	NA	NA	h130M.1	HumanFeces	Malawi	Homo sapien	adult
62018.850.h130S.1	NA	NA	h130S.1	HumanFeces	Malawi	Homo sapien	adult
62018.850.h144A.1	NA	NA	h144A.1	HumanFeces	Malawi	Homo sapien	child
62018.850.h144B.1	NA	NA	h144B.1	HumanFeces	Malawi	Homo sapien	child
62018.850.h144M.1	NA	NA	h144M.1	HumanFeces	Malawi	Homo sapien	adult
62018.850.h146A.4	NA	NA	h146A.4	HumanFeces	Malawi	Homo sapien	child
62018.850.h146B.4	NA	NA	h146B.4	HumanFeces	Malawi	Homo sapien	child
62018.850.h146M.1	NA	NA	h146M.1	HumanFeces	Malawi	Homo sapien	adult
62018.850.h147A.4	NA	NA	h147A.4	HumanFeces	Malawi	Homo sapien	child
62018.850.h147B.4	NA	NA	h147B.4	HumanFeces	Malawi	Homo sapien	child
62018.850.h147M.1	NA	NA	h147M.1	HumanFeces	Malawi	Homo sapien	adult
62018.850.h165A.1	NA	NA	h165A.1	HumanFeces	Malawi	Homo sapien	child
62018.850.h165B.1	NA	NA	h165B.1	HumanFeces	Malawi	Homo sapien	child
62018.850.h165M.1	NA	NA	h165M.1	HumanFeces	Malawi	Homo sapien	adult
62018.850.h165S.1	NA	NA	h165S.1	HumanFeces	Malawi	Homo sapien	adult
62018.850.h181A.1	NA	NA	h181A.1	HumanFeces	Malawi	Homo sapien	child
62018.850.h181B.1	NA	NA	h181B.1	HumanFeces	Malawi	Homo sapien	child
62018.850.h181C.1	NA	NA	h181C.1	HumanFeces	Malawi	Homo sapien	child
62018.850.h181M.1	NA	NA	h181M.1	HumanFeces	Malawi	Homo sapien	adult
62018.850.h181S.1	NA	NA	h181S.1	HumanFeces	Malawi	Homo sapien	adult
62018.850.h186A.1	NA	NA	h186A.1	HumanFeces	Malawi	Homo sapien	child
62018.850.h186B.1	NA	NA	h186B.1	HumanFeces	Malawi	Homo sapien	child
62018.850.h186C.1	NA	NA	h186C.1	HumanFeces	Malawi	Homo sapien	child
62018.850.h186M.1	NA	NA	h186M.1	HumanFeces	Malawi	Homo sapien	adult
62018.850.h186S.1	NA	NA	h186S.1	HumanFeces	Malawi	Homo sapien	adult
62018.850.h18A.4	NA	NA	h18A.4	HumanFeces	Malawi	Homo sapien	child
62018.850.h18B.4	NA	NA	h18B.4	HumanFeces	Malawi	Homo sapien	child
62018.850.h208A.1	NA	NA	h208A.1	HumanFeces	Malawi	Homo sapien	child
62018.850.h208M.1	NA	NA	h208M.1	HumanFeces	Malawi	Homo sapien	adult
62018.850.h209A.2	NA	NA	h209A.2	HumanFeces	Malawi	Homo sapien	child
62018.850.h209B.2	NA	NA	h209B.2	HumanFeces	Malawi	Homo sapien	child
62018.850.h209M.1	NA	NA	h209M.1	HumanFeces	Malawi	Homo sapien	adult
62018.850.h209S.1	NA	NA	h209S.1	HumanFeces	Malawi	Homo sapien	adult
62018.850.h228M.1	NA	NA	h228M.1	HumanFeces	Malawi	Homo sapien	adult
62018.850.h228S.1	NA	NA	h228S.1	HumanFeces	Malawi	Homo sapien	adult
62018.850.h235A.1	NA	NA	h235A.1	HumanFeces	Malawi	Homo sapien	child
62018.850.h235B.1	NA	NA	h235B.1	HumanFeces	Malawi	Homo sapien	child
62018.850.h235M.1	NA	NA	h235M.1	HumanFeces	Malawi	Homo sapien	adult
62018.850.h257A.1	NA	NA	h257A.1	HumanFeces	Malawi	Homo sapien	child
62018.850.h257B.1	NA	NA	h257B.1	HumanFeces	Malawi	Homo sapien	child
62018.850.h257M.1	NA	NA	h257M.1	HumanFeces	Malawi	Homo sapien	adult
62018.850.h257S.1	NA	NA	h257S.1	HumanFeces	Malawi	Homo sapien	adult
62018.850.h259A.2	NA	NA	h259A.2	HumanFeces	Malawi	Homo sapien	child
62018.850.h259B.2	NA	NA	h259B.2	HumanFeces	Malawi	Homo sapien	child
62018.850.h259M.1	NA	NA	h259M.1	HumanFeces	Malawi	Homo sapien	adult
62018.850.h259S.1	NA	NA	h259S.1	HumanFeces	Malawi	Homo sapien	adult
62018.850.h264A.2	NA	NA	h264A.2	HumanFeces	Malawi	Homo sapien	child
62018.850.h264B.2	NA	NA	h264B.2	HumanFeces	Malawi	Homo sapien	child
62018.850.h264M.1	NA	NA	h264M.1	HumanFeces	Malawi	Homo sapien	adult
62018.850.h273A.2	NA	NA	h273A.2	HumanFeces	Malawi	Homo sapien	child
62018.850.h273B.2	NA	NA	h273B.2	HumanFeces	Malawi	Homo sapien	child
62018.850.h273M.1	NA	NA	h273M.1	HumanFeces	Malawi	Homo sapien	adult
62018.850.h279A.2	NA	NA	h279A.2	HumanFeces	Malawi	Homo sapien	child
62018.850.h279B.2	NA	NA	h279B.2	HumanFeces	Malawi	Homo sapien	child
62018.850.h279M.1	NA	NA	h279M.1	HumanFeces	Malawi	Homo sapien	adult
62018.850.h279S.1	NA	NA	h279S.1	HumanFeces	Malawi	Homo sapien	adult
62018.850.h301A.1	NA	NA	h301A.1	HumanFeces	Malawi	Homo sapien	child
62018.850.h301B.1	NA	NA	h301B.1	HumanFeces	Malawi	Homo sapien	child
62018.850.h301M.1	NA	NA	h301M.1	HumanFeces	Malawi	Homo sapien	adult
62018.850.h305B.2	NA	NA	h305B.2	HumanFeces	Malawi	Homo sapien	child
62018.850.h305C.2	NA	NA	h305C.2	HumanFeces	Malawi	Homo sapien	child
62018.850.h305M.1	NA	NA	h305M.1	HumanFeces	Malawi	Homo sapien	adult
62018.850.h35A.3	NA	NA	h35A.3	HumanFeces	Malawi	Homo sapien	child
62018.850.h35S.1	NA	NA	h35S.1	HumanFeces	Malawi	Homo sapien	adult
62018.850.h37A.1	NA	NA	h37A.1	HumanFeces	Malawi	Homo sapien	child
62018.850.h37B.1	NA	NA	h37B.1	HumanFeces	Malawi	Homo sapien	child
62018.850.h37M.1	NA	NA	h37M.1	HumanFeces	Malawi	Homo sapien	adult
62018.850.h37S.1	NA	NA	h37S.1	HumanFeces	Malawi	Homo sapien	adult
62018.850.h47A.1	NA	NA	h47A.1	HumanFeces	Malawi	Homo sapien	child
62018.850.h47B.1	NA	NA	h47B.1	HumanFeces	Malawi	Homo sapien	child
62018.850.h47M.1	NA	NA	h47M.1	HumanFeces	Malawi	Homo sapien	adult
62018.850.h47S.1	NA	NA	h47S.1	HumanFeces	Malawi	Homo sapien	adult
62018.850.h60A.2	NA	NA	h60A.2	HumanFeces	Malawi	Homo sapien	child
62018.850.h60B.2	NA	NA	h60B.2	HumanFeces	Malawi	Homo sapien	child
62018.850.h60M.1	NA	NA	h60M.1	HumanFeces	Malawi	Homo sapien	adult
62018.850.h60S.1	NA	NA	h60S.1	HumanFeces	Malawi	Homo sapien	adult
62018.850.h68A.4	NA	NA	h68A.4	HumanFeces	Malawi	Homo sapien	child
62018.850.h68B.4	NA	NA	h68B.4	HumanFeces	Malawi	Homo sapien	child
62018.850.h68M.1	NA	NA	h68M.1	HumanFeces	Malawi	Homo sapien	adult
62018.850.h78A.4	NA	NA	h78A.4	HumanFeces	Malawi	Homo sapien	child
62018.850.h78B.4	NA	NA	h78B.4	HumanFeces	Malawi	Homo sapien	child
62018.850.h78M.1	NA	NA	h78M.1	HumanFeces	Malawi	Homo sapien	adult
62018.850.h78S.1	NA	NA	h78S.1	HumanFeces	Malawi	Homo sapien	adult
62018.850.h85A.1	NA	NA	h85A.1	HumanFeces	Malawi	Homo sapien	child
62018.850.h85B.1	NA	NA	h85B.1	HumanFeces	Malawi	Homo sapien	child
62018.850.h85M.1	NA	NA	h85M.1	HumanFeces	Malawi	Homo sapien	adult
62018.850.h85S.1	NA	NA	h85S.1	HumanFeces	Malawi	Homo sapien	adult
62018.850.h95A.1	NA	NA	h95A.1	HumanFeces	Malawi	Homo sapien	child
62018.850.h95B.1	NA	NA	h95B.1	HumanFeces	Malawi	Homo sapien	child
62018.850.h95M.1	NA	NA	h95M.1	HumanFeces	Malawi	Homo sapien	adult
62018.850.h95S.1	NA	NA	h95S.1	HumanFeces	Malawi	Homo sapien	adult
62018.850.h9A.5	NA	NA	h9A.5	HumanFeces	Malawi	Homo sapien	child
62018.850.h9B.5	NA	NA	h9B.5	HumanFeces	Malawi	Homo sapien	child
62018.850.h9M.1	NA	NA	h9M.1	HumanFeces	Malawi	Homo sapien	adult
62018.850.h9S.1	NA	NA	h9S.1	HumanFeces	Malawi	Homo sapien	adult
62018.850.k278A.2	NA	NA	k278A.2	HumanFeces	Malawi	Homo sapien	adult
62018.850.k278B.2	NA	NA	k278B.2	HumanFeces	Malawi	Homo sapien	adult
62018.850.k278M.1	NA	NA	k278M.1	HumanFeces	Malawi	Homo sapien	adult
62018.850.TS1	NA	NA	TS1	HumanFeces	USA	Homo sapien	adult
62018.850.TS109	NA	NA	TS109	HumanFeces	USA	Homo sapien	adult
62018.850.TS110	NA	NA	TS110	HumanFeces	USA	Homo sapien	adult
62018.850.TS111	NA	NA	TS111	HumanFeces	USA	Homo sapien	adult
62018.850.TS127	NA	NA	TS127	HumanFeces	USA	Homo sapien	adult
62018.850.TS128	NA	NA	TS128	HumanFeces	USA	Homo sapien	adult
62018.850.TS129	NA	NA	TS129	HumanFeces	USA	Homo sapien	adult
62018.850.TS13	NA	NA	TS13	HumanFeces	USA	Homo sapien	adult
62018.850.TS14	NA	NA	TS14	HumanFeces	USA	Homo sapien	adult
62018.850.TS15	NA	NA	TS15	HumanFeces	USA	Homo sapien	adult
62018.850.TS163	NA	NA	TS163	HumanFeces	USA	Homo sapien	adult
62018.850.TS164	NA	NA	TS164	HumanFeces	USA	Homo sapien	adult
62018.850.TS165	NA	NA	TS165	HumanFeces	USA	Homo sapien	adult
62018.850.TS184	NA	NA	TS184	HumanFeces	USA	Homo sapien	adult
62018.850.TS185	NA	NA	TS185	HumanFeces	USA	Homo sapien	adult
62018.850.TS186	NA	NA	TS186	HumanFeces	USA	Homo sapien	adult
62018.850.TS193	NA	NA	TS193	HumanFeces	USA	Homo sapien	adult
62018.850.TS194	NA	NA	TS194	HumanFeces	USA	Homo sapien	adult
62018.850.TS195	NA	NA	TS195	HumanFeces	USA	Homo sapien	adult
62018.850.TS2	NA	NA	TS2	HumanFeces	USA	Homo sapien	adult
62018.850.TS25	NA	NA	TS25	HumanFeces	USA	Homo sapien	adult
62018.850.TS26	NA	NA	TS26	HumanFeces	USA	Homo sapien	adult
62018.850.TS27	NA	NA	TS27	HumanFeces	USA	Homo sapien	adult
62018.850.TS3	NA	NA	TS3	HumanFeces	USA	Homo sapien	adult
62018.850.TS4	NA	NA	TS4	HumanFeces	USA	Homo sapien	adult
62018.850.TS5	NA	NA	TS5	HumanFeces	USA	Homo sapien	adult
62018.850.TS6	NA	NA	TS6	HumanFeces	USA	Homo sapien	adult
62018.850.TS7	NA	NA	TS7	HumanFeces	USA	Homo sapien	adult
62018.850.TS8	NA	NA	TS8	HumanFeces	USA	Homo sapien	adult
62018.850.TS9	NA	NA	TS9	HumanFeces	USA	Homo sapien	adult
62018.850.USBld1	NA	NA	USBld1	HumanFeces	USA	Homo sapien	child
62018.850.USBldAdlt6	NA	NA	USBldAdlt6	HumanFeces	USA	Homo sapien	adult
62018.850.USBldChld10	NA	NA	USBldChld10	HumanFeces	USA	Homo sapien	child
62018.850.USBldChld2	NA	NA	USBldChld2	HumanFeces	USA	Homo sapien	child
62018.850.USBldChld4	NA	NA	USBldChld4	HumanFeces	USA	Homo sapien	child
62018.850.USBldChld5	NA	NA	USBldChld5	HumanFeces	USA	Homo sapien	child
62018.850.USBldChld7	NA	NA	USBldChld7	HumanFeces	USA	Homo sapien	child
62018.850.USBldChld8	NA	NA	USBldChld8	HumanFeces	USA	Homo sapien	child
62018.850.USBldInf3	NA	NA	USBldInf3	HumanFeces	USA	Homo sapien	child
62018.850.USchp11Child	NA	NA	USchp11Child	HumanFeces	USA	Homo sapien	child
62018.850.USchp18Child	NA	NA	USchp18Child	HumanFeces	USA	Homo sapien	child
62018.850.USchp18Mom	NA	NA	USchp18Mom	HumanFeces	USA	Homo sapien	adult
62018.850.USchp1Child	NA	NA	USchp1Child	HumanFeces	USA	Homo sapien	child
62018.850.USchp1Mom	NA	NA	USchp1Mom	HumanFeces	USA	Homo sapien	adult
62018.850.USchp25Child	NA	NA	USchp25Child	HumanFeces	USA	Homo sapien	child
62018.850.USchp25Mom	NA	NA	USchp25Mom	HumanFeces	USA	Homo sapien	adult
62018.850.USchp33ChildA	NA	NA	USchp33ChildA	HumanFeces	USA	Homo sapien	child
62018.850.USchp33ChildB	NA	NA	USchp33ChildB	HumanFeces	USA	Homo sapien	child
62018.850.USchp33Mom	NA	NA	USchp33Mom	HumanFeces	USA	Homo sapien	adult
62018.850.USchp35Child	NA	NA	USchp35Child	HumanFeces	USA	Homo sapien	child
62018.850.USchp35Mom	NA	NA	USchp35Mom	HumanFeces	USA	Homo sapien	adult
62018.850.USchp36Infant	NA	NA	USchp36Infant	HumanFeces	USA	Homo sapien	child
62018.850.USchp36Mom	NA	NA	USchp36Mom	HumanFeces	USA	Homo sapien	adult
62018.850.USchp3Child	NA	NA	USchp3Child	HumanFeces	USA	Homo sapien	child
62018.850.USchp3Mom	NA	NA	USchp3Mom	HumanFeces	USA	Homo sapien	adult
62018.850.USchp41Infant	NA	NA	USchp41Infant	HumanFeces	USA	Homo sapien	child
62018.850.USchp41Mom	NA	NA	USchp41Mom	HumanFeces	USA	Homo sapien	adult
62018.850.USchp4Infant	NA	NA	USchp4Infant	HumanFeces	USA	Homo sapien	child
62018.850.USchp4Mom	NA	NA	USchp4Mom	HumanFeces	USA	Homo sapien	adult
62018.850.USchp50Infant	NA	NA	USchp50Infant	HumanFeces	USA	Homo sapien	child
62018.850.USchp60Child	NA	NA	USchp60Child	HumanFeces	USA	Homo sapien	child
62018.850.USchp60Mom	NA	NA	USchp60Mom	HumanFeces	USA	Homo sapien	adult
62018.850.USinfTw1.1	NA	NA	USinfTw1.1	HumanFeces	USA	Homo sapien	child
62018.850.USinfTw1.2	NA	NA	USinfTw1.2	HumanFeces	USA	Homo sapien	child
62018.850.USinfTw10.1	NA	NA	USinfTw10.1	HumanFeces	USA	Homo sapien	child
62018.850.USinfTw10.2	NA	NA	USinfTw10.2	HumanFeces	USA	Homo sapien	child
62018.850.USinfTw11.1	NA	NA	USinfTw11.1	HumanFeces	USA	Homo sapien	child
62018.850.USinfTw11.2	NA	NA	USinfTw11.2	HumanFeces	USA	Homo sapien	child
62018.850.USinfTw12.1	NA	NA	USinfTw12.1	HumanFeces	USA	Homo sapien	child
62018.850.USinfTw12.2	NA	NA	USinfTw12.2	HumanFeces	USA	Homo sapien	child
62018.850.USinfTw13.1	NA	NA	USinfTw13.1	HumanFeces	USA	Homo sapien	child
62018.850.USinfTw13.2	NA	NA	USinfTw13.2	HumanFeces	USA	Homo sapien	child
62018.850.USinfTw15.1	NA	NA	USinfTw15.1	HumanFeces	USA	Homo sapien	child
62018.850.USinfTw15.2	NA	NA	USinfTw15.2	HumanFeces	USA	Homo sapien	child
62018.850.USinfTw16.1	NA	NA	USinfTw16.1	HumanFeces	USA	Homo sapien	child
62018.850.USinfTw16.2	NA	NA	USinfTw16.2	HumanFeces	USA	Homo sapien	child
62018.850.USinfTw17.1	NA	NA	USinfTw17.1	HumanFeces	USA	Homo sapien	child
62018.850.USinfTw18.1	NA	NA	USinfTw18.1	HumanFeces	USA	Homo sapien	child
62018.850.USinfTw18.2	NA	NA	USinfTw18.2	HumanFeces	USA	Homo sapien	child
62018.850.USinfTw19.1	NA	NA	USinfTw19.1	HumanFeces	USA	Homo sapien	child
62018.850.USinfTw19.2	NA	NA	USinfTw19.2	HumanFeces	USA	Homo sapien	child
62018.850.USinfTw2.1	NA	NA	USinfTw2.1	HumanFeces	USA	Homo sapien	child
62018.850.USinfTw2.2	NA	NA	USinfTw2.2	HumanFeces	USA	Homo sapien	child
62018.850.USinfTw20.1	NA	NA	USinfTw20.1	HumanFeces	USA	Homo sapien	child
62018.850.USinfTw20.2	NA	NA	USinfTw20.2	HumanFeces	USA	Homo sapien	child
62018.850.USinfTw21.1	NA	NA	USinfTw21.1	HumanFeces	USA	Homo sapien	child
62018.850.USinfTw21.2	NA	NA	USinfTw21.2	HumanFeces	USA	Homo sapien	child
62018.850.USinfTw3.1	NA	NA	USinfTw3.1	HumanFeces	USA	Homo sapien	child
62018.850.USinfTw3.2	NA	NA	USinfTw3.2	HumanFeces	USA	Homo sapien	child
62018.850.USinfTw4.1	NA	NA	USinfTw4.1	HumanFeces	USA	Homo sapien	child
62018.850.USinfTw4.2	NA	NA	USinfTw4.2	HumanFeces	USA	Homo sapien	child
62018.850.USinfTw5.1	NA	NA	USinfTw5.1	HumanFeces	USA	Homo sapien	child
62018.850.USinfTw5.2	NA	NA	USinfTw5.2	HumanFeces	USA	Homo sapien	child
62018.850.USinfTw6.1	NA	NA	USinfTw6.1	HumanFeces	USA	Homo sapien	child
62018.850.USinfTw6.2	NA	NA	USinfTw6.2	HumanFeces	USA	Homo sapien	child
62018.850.USinfTw7.1	NA	NA	USinfTw7.1	HumanFeces	USA	Homo sapien	child
62018.850.USinfTw7.2	NA	NA	USinfTw7.2	HumanFeces	USA	Homo sapien	child
62018.850.USinfTw8.1	NA	NA	USinfTw8.1	HumanFeces	USA	Homo sapien	child
62018.850.USinfTw8.2	NA	NA	USinfTw8.2	HumanFeces	USA	Homo sapien	child
62018.850.USinfTw9.1	NA	NA	USinfTw9.1	HumanFeces	USA	Homo sapien	child
62018.850.USinfTw9.2	NA	NA	USinfTw9.2	HumanFeces	USA	Homo sapien	child
62018.850.USygt1.F	NA	NA	USygt1.F	HumanFeces	USA	Homo sapien	adult
62018.850.USygt1.M	NA	NA	USygt1.M	HumanFeces	USA	Homo sapien	adult
62018.850.USygt1.T1	NA	NA	USygt1.T1	HumanFeces	USA	Homo sapien	adult
62018.850.USygt1.T2	NA	NA	USygt1.T2	HumanFeces	USA	Homo sapien	adult
62018.850.USygt10.M	NA	NA	USygt10.M	HumanFeces	USA	Homo sapien	adult
62018.850.USygt10.T1	NA	NA	USygt10.T1	HumanFeces	USA	Homo sapien	adult
62018.850.USygt10.T2	NA	NA	USygt10.T2	HumanFeces	USA	Homo sapien	adult
62018.850.USygt11.F	NA	NA	USygt11.F	HumanFeces	USA	Homo sapien	adult
62018.850.USygt11.M	NA	NA	USygt11.M	HumanFeces	USA	Homo sapien	adult
62018.850.USygt11.T1	NA	NA	USygt11.T1	HumanFeces	USA	Homo sapien	child
62018.850.USygt11.T2	NA	NA	USygt11.T2	HumanFeces	USA	Homo sapien	child
62018.850.USygt12.F	NA	NA	USygt12.F	HumanFeces	USA	Homo sapien	adult
62018.850.USygt12.M	NA	NA	USygt12.M	HumanFeces	USA	Homo sapien	adult
62018.850.USygt12.T1	NA	NA	USygt12.T1	HumanFeces	USA	Homo sapien	child
62018.850.USygt12.T2	NA	NA	USygt12.T2	HumanFeces	USA	Homo sapien	child
62018.850.USygt13.F	NA	NA	USygt13.F	HumanFeces	USA	Homo sapien	adult
62018.850.USygt13.M	NA	NA	USygt13.M	HumanFeces	USA	Homo sapien	adult
62018.850.USygt13.T1	NA	NA	USygt13.T1	HumanFeces	USA	Homo sapien	adult
62018.850.USygt13.T2	NA	NA	USygt13.T2	HumanFeces	USA	Homo sapien	adult
62018.850.USygt14.F	NA	NA	USygt14.F	HumanFeces	USA	Homo sapien	adult
62018.850.USygt14.M	NA	NA	USygt14.M	HumanFeces	USA	Homo sapien	adult
62018.850.USygt14.T1	NA	NA	USygt14.T1	HumanFeces	USA	Homo sapien	adult
62018.850.USygt14.T2	NA	NA	USygt14.T2	HumanFeces	USA	Homo sapien	adult
62018.850.USygt15.F	NA	NA	USygt15.F	HumanFeces	USA	Homo sapien	adult
62018.850.USygt15.M	NA	NA	USygt15.M	HumanFeces	USA	Homo sapien	adult
62018.850.USygt15.T1	NA	NA	USygt15.T1	HumanFeces	USA	Homo sapien	adult
62018.850.USygt15.T2	NA	NA	USygt15.T2	HumanFeces	USA	Homo sapien	adult
62018.850.USygt16.B1	NA	NA	USygt16.B1	HumanFeces	USA	Homo sapien	child
62018.850.USygt16.F	NA	NA	USygt16.F	HumanFeces	USA	Homo sapien	adult
62018.850.USygt16.M	NA	NA	USygt16.M	HumanFeces	USA	Homo sapien	adult
62018.850.USygt16.T1	NA	NA	USygt16.T1	HumanFeces	USA	Homo sapien	child
62018.850.USygt16.T2	NA	NA	USygt16.T2	HumanFeces	USA	Homo sapien	child
62018.850.USygt17.M	NA	NA	USygt17.M	HumanFeces	USA	Homo sapien	adult
62018.850.USygt17.T1	NA	NA	USygt17.T1	HumanFeces	USA	Homo sapien	adult
62018.850.USygt17.T2	NA	NA	USygt17.T2	HumanFeces	USA	Homo sapien	adult
62018.850.USygt18.M	NA	NA	USygt18.M	HumanFeces	USA	Homo sapien	adult
62018.850.USygt18.T1	NA	NA	USygt18.T1	HumanFeces	USA	Homo sapien	adult
62018.850.USygt18.T2	NA	NA	USygt18.T2	HumanFeces	USA	Homo sapien	adult
62018.850.USygt19.B1	NA	NA	USygt19.B1	HumanFeces	USA	Homo sapien	child
62018.850.USygt19.M	NA	NA	USygt19.M	HumanFeces	USA	Homo sapien	adult
62018.850.USygt19.T1	NA	NA	USygt19.T1	HumanFeces	USA	Homo sapien	adult
62018.850.USygt19.T2	NA	NA	USygt19.T2	HumanFeces	USA	Homo sapien	adult
62018.850.USygt2.M	NA	NA	USygt2.M	HumanFeces	USA	Homo sapien	adult
62018.850.USygt20.F	NA	NA	USygt20.F	HumanFeces	USA	Homo sapien	adult
62018.850.USygt20.M	NA	NA	USygt20.M	HumanFeces	USA	Homo sapien	adult
62018.850.USygt20.T1	NA	NA	USygt20.T1	HumanFeces	USA	Homo sapien	adult
62018.850.USygt20.T2	NA	NA	USygt20.T2	HumanFeces	USA	Homo sapien	adult
62018.850.USygt21.B1	NA	NA	USygt21.B1	HumanFeces	USA	Homo sapien	child
62018.850.USygt21.F	NA	NA	USygt21.F	HumanFeces	USA	Homo sapien	adult
62018.850.USygt21.M	NA	NA	USygt21.M	HumanFeces	USA	Homo sapien	adult
62018.850.USygt21.T1	NA	NA	USygt21.T1	HumanFeces	USA	Homo sapien	adult
62018.850.USygt21.T2	NA	NA	USygt21.T2	HumanFeces	USA	Homo sapien	adult
62018.850.USygt22.F	NA	NA	USygt22.F	HumanFeces	USA	Homo sapien	adult
62018.850.USygt22.M	NA	NA	USygt22.M	HumanFeces	USA	Homo sapien	adult
62018.850.USygt22.T1	NA	NA	USygt22.T1	HumanFeces	USA	Homo sapien	adult
62018.850.USygt22.T2	NA	NA	USygt22.T2	HumanFeces	USA	Homo sapien	adult
62018.850.USygt23.F	NA	NA	USygt23.F	HumanFeces	USA	Homo sapien	adult
62018.850.USygt23.M	NA	NA	USygt23.M	HumanFeces	USA	Homo sapien	adult
62018.850.USygt23.T1	NA	NA	USygt23.T1	HumanFeces	USA	Homo sapien	adult
62018.850.USygt23.T2	NA	NA	USygt23.T2	HumanFeces	USA	Homo sapien	adult
62018.850.USygt24.M	NA	NA	USygt24.M	HumanFeces	USA	Homo sapien	adult
62018.850.USygt24.T1	NA	NA	USygt24.T1	HumanFeces	USA	Homo sapien	adult
62018.850.USygt24.T2	NA	NA	USygt24.T2	HumanFeces	USA	Homo sapien	adult
62018.850.USygt25.B1	NA	NA	USygt25.B1	HumanFeces	USA	Homo sapien	child
62018.850.USygt25.B2	NA	NA	USygt25.B2	HumanFeces	USA	Homo sapien	child
62018.850.USygt25.F	NA	NA	USygt25.F	HumanFeces	USA	Homo sapien	adult
62018.850.USygt25.M	NA	NA	USygt25.M	HumanFeces	USA	Homo sapien	adult
62018.850.USygt25.S1	NA	NA	USygt25.S1	HumanFeces	USA	Homo sapien	child
62018.850.USygt25.T1	NA	NA	USygt25.T1	HumanFeces	USA	Homo sapien	adult
62018.850.USygt25.T2	NA	NA	USygt25.T2	HumanFeces	USA	Homo sapien	adult
62018.850.USygt26.M	NA	NA	USygt26.M	HumanFeces	USA	Homo sapien	adult
62018.850.USygt26.T1	NA	NA	USygt26.T1	HumanFeces	USA	Homo sapien	adult
62018.850.USygt26.T2	NA	NA	USygt26.T2	HumanFeces	USA	Homo sapien	adult
62018.850.USygt27.F	NA	NA	USygt27.F	HumanFeces	USA	Homo sapien	adult
62018.850.USygt27.M	NA	NA	USygt27.M	HumanFeces	USA	Homo sapien	adult
62018.850.USygt27.T1	NA	NA	USygt27.T1	HumanFeces	USA	Homo sapien	child
62018.850.USygt27.T2	NA	NA	USygt27.T2	HumanFeces	USA	Homo sapien	child
62018.850.USygt28.M	NA	NA	USygt28.M	HumanFeces	USA	Homo sapien	adult
62018.850.USygt28.T1	NA	NA	USygt28.T1	HumanFeces	USA	Homo sapien	adult
62018.850.USygt28.T2	NA	NA	USygt28.T2	HumanFeces	USA	Homo sapien	adult
62018.850.USygt29.M	NA	NA	USygt29.M	HumanFeces	USA	Homo sapien	adult
62018.850.USygt29.T1	NA	NA	USygt29.T1	HumanFeces	USA	Homo sapien	adult
62018.850.USygt29.T2	NA	NA	USygt29.T2	HumanFeces	USA	Homo sapien	adult
62018.850.USygt3.M	NA	NA	USygt3.M	HumanFeces	USA	Homo sapien	adult
62018.850.USygt3.T1	NA	NA	USygt3.T1	HumanFeces	USA	Homo sapien	adult
62018.850.USygt3.T2	NA	NA	USygt3.T2	HumanFeces	USA	Homo sapien	adult
62018.850.USygt30.F	NA	NA	USygt30.F	HumanFeces	USA	Homo sapien	adult
62018.850.USygt30.M	NA	NA	USygt30.M	HumanFeces	USA	Homo sapien	adult
62018.850.USygt30.T1	NA	NA	USygt30.T1	HumanFeces	USA	Homo sapien	adult
62018.850.USygt30.T2	NA	NA	USygt30.T2	HumanFeces	USA	Homo sapien	adult
62018.850.USygt31.M	NA	NA	USygt31.M	HumanFeces	USA	Homo sapien	adult
62018.850.USygt31.T1	NA	NA	USygt31.T1	HumanFeces	USA	Homo sapien	adult
62018.850.USygt31.T2	NA	NA	USygt31.T2	HumanFeces	USA	Homo sapien	adult
62018.850.USygt32.M	NA	NA	USygt32.M	HumanFeces	USA	Homo sapien	adult
62018.850.USygt32.S1	NA	NA	USygt32.S1	HumanFeces	USA	Homo sapien	child
62018.850.USygt32.T1	NA	NA	USygt32.T1	HumanFeces	USA	Homo sapien	adult
62018.850.USygt32.T2	NA	NA	USygt32.T2	HumanFeces	USA	Homo sapien	adult
62018.850.USygt33.M	NA	NA	USygt33.M	HumanFeces	USA	Homo sapien	adult
62018.850.USygt33.T1	NA	NA	USygt33.T1	HumanFeces	USA	Homo sapien	adult
62018.850.USygt33.T2	NA	NA	USygt33.T2	HumanFeces	USA	Homo sapien	adult
62018.850.USygt34.F	NA	NA	USygt34.F	HumanFeces	USA	Homo sapien	adult
62018.850.USygt34.M	NA	NA	USygt34.M	HumanFeces	USA	Homo sapien	adult
62018.850.USygt34.T1	NA	NA	USygt34.T1	HumanFeces	USA	Homo sapien	adult
62018.850.USygt35.M	NA	NA	USygt35.M	HumanFeces	USA	Homo sapien	adult
62018.850.USygt35.T1	NA	NA	USygt35.T1	HumanFeces	USA	Homo sapien	adult
62018.850.USygt35.T2	NA	NA	USygt35.T2	HumanFeces	USA	Homo sapien	adult
62018.850.USygt36.M	NA	NA	USygt36.M	HumanFeces	USA	Homo sapien	adult
62018.850.USygt36.T1	NA	NA	USygt36.T1	HumanFeces	USA	Homo sapien	child
62018.850.USygt36.T2	NA	NA	USygt36.T2	HumanFeces	USA	Homo sapien	child
62018.850.USygt37.B1	NA	NA	USygt37.B1	HumanFeces	USA	Homo sapien	child
62018.850.USygt37.F	NA	NA	USygt37.F	HumanFeces	USA	Homo sapien	adult
62018.850.USygt37.M	NA	NA	USygt37.M	HumanFeces	USA	Homo sapien	adult
62018.850.USygt37.T1	NA	NA	USygt37.T1	HumanFeces	USA	Homo sapien	adult
62018.850.USygt37.T2	NA	NA	USygt37.T2	HumanFeces	USA	Homo sapien	adult
62018.850.USygt38.F	NA	NA	USygt38.F	HumanFeces	USA	Homo sapien	adult
62018.850.USygt38.M	NA	NA	USygt38.M	HumanFeces	USA	Homo sapien	adult
62018.850.USygt38.T1	NA	NA	USygt38.T1	HumanFeces	USA	Homo sapien	adult
62018.850.USygt38.T2	NA	NA	USygt38.T2	HumanFeces	USA	Homo sapien	adult
62018.850.USygt39.F	NA	NA	USygt39.F	HumanFeces	USA	Homo sapien	adult
62018.850.USygt39.M	NA	NA	USygt39.M	HumanFeces	USA	Homo sapien	adult
62018.850.USygt39.T1	NA	NA	USygt39.T1	HumanFeces	USA	Homo sapien	adult
62018.850.USygt39.T2	NA	NA	USygt39.T2	HumanFeces	USA	Homo sapien	adult
62018.850.USygt4.F	NA	NA	USygt4.F	HumanFeces	USA	Homo sapien	adult
62018.850.USygt4.M	NA	NA	USygt4.M	HumanFeces	USA	Homo sapien	adult
62018.850.USygt4.T1	NA	NA	USygt4.T1	HumanFeces	USA	Homo sapien	adult
62018.850.USygt4.T2	NA	NA	USygt4.T2	HumanFeces	USA	Homo sapien	adult
62018.850.USygt40.F	NA	NA	USygt40.F	HumanFeces	USA	Homo sapien	adult
62018.850.USygt40.M	NA	NA	USygt40.M	HumanFeces	USA	Homo sapien	adult
62018.850.USygt40.T1	NA	NA	USygt40.T1	HumanFeces	USA	Homo sapien	adult
62018.850.USygt40.T2	NA	NA	USygt40.T2	HumanFeces	USA	Homo sapien	adult
62018.850.USygt41.B1	NA	NA	USygt41.B1	HumanFeces	USA	Homo sapien	child
62018.850.USygt41.F	NA	NA	USygt41.F	HumanFeces	USA	Homo sapien	adult
62018.850.USygt41.M	NA	NA	USygt41.M	HumanFeces	USA	Homo sapien	adult
62018.850.USygt41.T1	NA	NA	USygt41.T1	HumanFeces	USA	Homo sapien	adult
62018.850.USygt41.T2	NA	NA	USygt41.T2	HumanFeces	USA	Homo sapien	adult
62018.850.USygt42.F	NA	NA	USygt42.F	HumanFeces	USA	Homo sapien	adult
62018.850.USygt42.M	NA	NA	USygt42.M	HumanFeces	USA	Homo sapien	adult
62018.850.USygt42.T1	NA	NA	USygt42.T1	HumanFeces	USA	Homo sapien	adult
62018.850.USygt42.T2	NA	NA	USygt42.T2	HumanFeces	USA	Homo sapien	adult
62018.850.USygt43.F	NA	NA	USygt43.F	HumanFeces	USA	Homo sapien	adult
62018.850.USygt43.M	NA	NA	USygt43.M	HumanFeces	USA	Homo sapien	adult
62018.850.USygt43.T1	NA	NA	USygt43.T1	HumanFeces	USA	Homo sapien	adult
62018.850.USygt43.T2	NA	NA	USygt43.T2	HumanFeces	USA	Homo sapien	adult
62018.850.USygt44.B1	NA	NA	USygt44.B1	HumanFeces	USA	Homo sapien	child
62018.850.USygt44.F	NA	NA	USygt44.F	HumanFeces	USA	Homo sapien	adult
62018.850.USygt44.M	NA	NA	USygt44.M	HumanFeces	USA	Homo sapien	adult
62018.850.USygt44.T1	NA	NA	USygt44.T1	HumanFeces	USA	Homo sapien	adult
62018.850.USygt44.T2	NA	NA	USygt44.T2	HumanFeces	USA	Homo sapien	adult
62018.850.USygt45.F	NA	NA	USygt45.F	HumanFeces	USA	Homo sapien	adult
62018.850.USygt45.M	NA	NA	USygt45.M	HumanFeces	USA	Homo sapien	adult
62018.850.USygt45.T1	NA	NA	USygt45.T1	HumanFeces	USA	Homo sapien	adult
62018.850.USygt45.T2	NA	NA	USygt45.T2	HumanFeces	USA	Homo sapien	adult
62018.850.USygt46.F	NA	NA	USygt46.F	HumanFeces	USA	Homo sapien	adult
62018.850.USygt46.M	NA	NA	USygt46.M	HumanFeces	USA	Homo sapien	adult
62018.850.USygt46.T1	NA	NA	USygt46.T1	HumanFeces	USA	Homo sapien	adult
62018.850.USygt46.T2	NA	NA	USygt46.T2	HumanFeces	USA	Homo sapien	adult
62018.850.USygt47.F	NA	NA	USygt47.F	HumanFeces	USA	Homo sapien	adult
62018.850.USygt47.M	NA	NA	USygt47.M	HumanFeces	USA	Homo sapien	adult
62018.850.USygt47.T1	NA	NA	USygt47.T1	HumanFeces	USA	Homo sapien	adult
62018.850.USygt47.T2	NA	NA	USygt47.T2	HumanFeces	USA	Homo sapien	adult
62018.850.USygt48.F	NA	NA	USygt48.F	HumanFeces	USA	Homo sapien	adult
62018.850.USygt48.M	NA	NA	USygt48.M	HumanFeces	USA	Homo sapien	adult
62018.850.USygt48.T1	NA	NA	USygt48.T1	HumanFeces	USA	Homo sapien	adult
62018.850.USygt48.T2	NA	NA	USygt48.T2	HumanFeces	USA	Homo sapien	adult
62018.850.USygt49.B1	NA	NA	USygt49.B1	HumanFeces	USA	Homo sapien	child
62018.850.USygt49.F	NA	NA	USygt49.F	HumanFeces	USA	Homo sapien	adult
62018.850.USygt49.M	NA	NA	USygt49.M	HumanFeces	USA	Homo sapien	adult
62018.850.USygt49.T1	NA	NA	USygt49.T1	HumanFeces	USA	Homo sapien	adult
62018.850.USygt49.T2	NA	NA	USygt49.T2	HumanFeces	USA	Homo sapien	adult
62018.850.USygt5.F	NA	NA	USygt5.F	HumanFeces	USA	Homo sapien	adult
62018.850.USygt5.M	NA	NA	USygt5.M	HumanFeces	USA	Homo sapien	adult
62018.850.USygt5.T1	NA	NA	USygt5.T1	HumanFeces	USA	Homo sapien	adult
62018.850.USygt5.T2	NA	NA	USygt5.T2	HumanFeces	USA	Homo sapien	adult
62018.850.USygt50.F	NA	NA	USygt50.F	HumanFeces	USA	Homo sapien	adult
62018.850.USygt50.M	NA	NA	USygt50.M	HumanFeces	USA	Homo sapien	adult
62018.850.USygt50.T1	NA	NA	USygt50.T1	HumanFeces	USA	Homo sapien	adult
62018.850.USygt50.T2	NA	NA	USygt50.T2	HumanFeces	USA	Homo sapien	adult
62018.850.USygt51.F	NA	NA	USygt51.F	HumanFeces	USA	Homo sapien	adult
62018.850.USygt51.M	NA	NA	USygt51.M	HumanFeces	USA	Homo sapien	adult
62018.850.USygt51.T1	NA	NA	USygt51.T1	HumanFeces	USA	Homo sapien	adult
62018.850.USygt51.T2	NA	NA	USygt51.T2	HumanFeces	USA	Homo sapien	adult
62018.850.USygt52.F	NA	NA	USygt52.F	HumanFeces	USA	Homo sapien	adult
62018.850.USygt52.M	NA	NA	USygt52.M	HumanFeces	USA	Homo sapien	adult
62018.850.USygt52.T1	NA	NA	USygt52.T1	HumanFeces	USA	Homo sapien	adult
62018.850.USygt52.T2	NA	NA	USygt52.T2	HumanFeces	USA	Homo sapien	adult
62018.850.USygt53.F	NA	NA	USygt53.F	HumanFeces	USA	Homo sapien	adult
62018.850.USygt53.M	NA	NA	USygt53.M	HumanFeces	USA	Homo sapien	adult
62018.850.USygt53.T1	NA	NA	USygt53.T1	HumanFeces	USA	Homo sapien	adult
62018.850.USygt53.T2	NA	NA	USygt53.T2	HumanFeces	USA	Homo sapien	adult
62018.850.USygt54.AS	NA	NA	USygt54.AS	HumanFeces	USA	Homo sapien	child
62018.850.USygt54.F	NA	NA	USygt54.F	HumanFeces	USA	Homo sapien	adult
62018.850.USygt54.M	NA	NA	USygt54.M	HumanFeces	USA	Homo sapien	adult
62018.850.USygt54.T1	NA	NA	USygt54.T1	HumanFeces	USA	Homo sapien	adult
62018.850.USygt54.T2	NA	NA	USygt54.T2	HumanFeces	USA	Homo sapien	adult
62018.850.USygt6.AS	NA	NA	USygt6.AS	HumanFeces	USA	Homo sapien	child
62018.850.USygt6.M	NA	NA	USygt6.M	HumanFeces	USA	Homo sapien	adult
62018.850.USygt6.T2	NA	NA	USygt6.T2	HumanFeces	USA	Homo sapien	adult
62018.850.USygt7.M	NA	NA	USygt7.M	HumanFeces	USA	Homo sapien	adult
62018.850.USygt7.T1	NA	NA	USygt7.T1	HumanFeces	USA	Homo sapien	child
62018.850.USygt7.T2	NA	NA	USygt7.T2	HumanFeces	USA	Homo sapien	child
62018.850.USygt8.F	NA	NA	USygt8.F	HumanFeces	USA	Homo sapien	adult
62018.850.USygt8.M	NA	NA	USygt8.M	HumanFeces	USA	Homo sapien	adult
62018.850.USygt8.T1	NA	NA	USygt8.T1	HumanFeces	USA	Homo sapien	adult
62018.850.USygt8.T2	NA	NA	USygt8.T2	HumanFeces	USA	Homo sapien	adult
62018.850.USygt9.B1	NA	NA	USygt9.B1	HumanFeces	USA	Homo sapien	child
62018.850.USygt9.F	NA	NA	USygt9.F	HumanFeces	USA	Homo sapien	adult
62018.850.USygt9.M	NA	NA	USygt9.M	HumanFeces	USA	Homo sapien	adult
62018.850.USygt9.T1	NA	NA	USygt9.T1	HumanFeces	USA	Homo sapien	adult
62018.850.USygt9.T2	NA	NA	USygt9.T2	HumanFeces	USA	Homo sapien	adult
